{
    "MRR@1": 0.039673278879813305,
    "MRR@5": 0.09911513029949429,
    "MRR@10": 0.11756149173010301,
    "MRR@20": 0.12998554423059758,
    "MRR@50": 0.13440631292182803,
    "MRR@100": 0.13539674446424546,
    "Recall@1": 0.039673278879813305,
    "Recall@5": 0.2193698949824971,
    "Recall@10": 0.3634772462077013,
    "Recall@20": 0.5414235705950992,
    "Recall@50": 0.6779463243873979,
    "Recall@100": 0.7479579929988331,
    "Easy_Recall@1": 0.039673278879813305,
    "Easy_Recall@5": 0.2193698949824971,
    "Easy_Recall@10": 0.3634772462077013,
    "Easy_Recall@20": 0.5414235705950992,
    "Easy_Recall@50": 0.6779463243873979,
    "Easy_Recall@100": 0.7479579929988331,
    "NDCG@1": 0.039673278879813305,
    "NDCG@5": 0.12869545128792015,
    "NDCG@10": 0.17450800646785972,
    "NDCG@20": 0.219598657433195,
    "NDCG@50": 0.24681049542746147,
    "NDCG@100": 0.25814407222307173
}