{
    "MRR@1": 0.03208868144690782,
    "MRR@5": 0.10770128354725785,
    "MRR@10": 0.13683808412513174,
    "MRR@20": 0.15290283592977033,
    "MRR@50": 0.15843885935372604,
    "MRR@100": 0.15930496846557557,
    "Recall@1": 0.03208868144690782,
    "Recall@5": 0.2602100350058343,
    "Recall@10": 0.48424737456242706,
    "Recall@20": 0.7141190198366394,
    "Recall@50": 0.8716452742123687,
    "Recall@100": 0.9317386231038507,
    "Easy_Recall@1": 0.03208868144690782,
    "Easy_Recall@5": 0.2602100350058343,
    "Easy_Recall@10": 0.48424737456242706,
    "Easy_Recall@20": 0.7141190198366394,
    "Easy_Recall@50": 0.8716452742123687,
    "Easy_Recall@100": 0.9317386231038507,
    "NDCG@1": 0.03208868144690782,
    "NDCG@5": 0.14520771263447094,
    "NDCG@10": 0.21688535769781297,
    "NDCG@20": 0.27514603940842175,
    "NDCG@50": 0.30729405770159046,
    "NDCG@100": 0.3170634423217799
}