{
    "MRR@1": 0.01575262543757293,
    "Recall@1": 0.01575262543757293,
    "NDCG@1": 0.01575262543757293,
    "MRR@5": 0.02769350447296772,
    "Recall@5": 0.049008168028004666,
    "NDCG@5": 0.03298147522786678,
    "MRR@10": 0.030156646478116736,
    "Recall@10": 0.0676779463243874,
    "NDCG@10": 0.03899405366946263,
    "MRR@20": 0.031426723893515335,
    "Recall@20": 0.08518086347724621,
    "NDCG@20": 0.0434866318872999,
    "MRR@50": 0.032570539775519276,
    "Recall@50": 0.12310385064177364,
    "NDCG@50": 0.050897600880440964
}