{
    "MRR@1": 0.009918319719953326,
    "Recall@1": 0.009918319719953326,
    "NDCG@1": 0.009918319719953326,
    "MRR@5": 0.047481524698560915,
    "Recall@5": 0.12427071178529756,
    "NDCG@5": 0.0663085557801827,
    "MRR@10": 0.06523703024578174,
    "Recall@10": 0.25962660443407237,
    "NDCG@10": 0.10977413795605223,
    "MRR@20": 0.07578985150166398,
    "Recall@20": 0.41015169194865814,
    "NDCG@20": 0.14797493402016945,
    "MRR@50": 0.08000006163760635,
    "Recall@50": 0.5396732788798133,
    "NDCG@50": 0.17381781595482737
}